rank,ticker,med_vol,med_px,cover,asof
1,NVDA,2853041.0,195.26,1.0,2026-07-17
2,TSLA,2615223.5,403.11,1.0,2026-07-17
3,AAPL,948348.5,272.54499999999996,1.0,2026-07-17
4,MSFT,752578.5,403.67,1.0,2026-07-17
5,AMZN,684465.5,239.14,1.0,2026-07-17
6,MU,610852.5,456.73,1.0,2026-07-17
7,INTC,586304.0,65.225,1.0,2026-07-17
8,PLTR,540516.5,137.885,1.0,2026-07-17
9,META,495133.0,621.73,1.0,2026-07-17
10,AMD,468690.5,267.315,1.0,2026-07-17
11,MSTR,413909.0,136.16500000000002,1.0,2026-07-17
12,NFLX,387838.0,87.14,1.0,2026-07-17
13,GOOGL,382868.0,337.71000000000004,1.0,2026-07-17
14,SOFI,345216.0,17.815,1.0,2026-07-17
15,ORCL,293536.5,160.1,1.0,2026-07-17
16,AVGO,258292.5,371.16499999999996,1.0,2026-07-17
17,IREN,258288.5,45.81999999999999,1.0,2026-07-17
18,HOOD,253271.0,80.74000000000001,1.0,2026-07-17
19,SMCI,223641.0,30.67,1.0,2026-07-17
20,GOOG,191724.0,337.02,1.0,2026-07-17
21,CRWV,188594.0,96.31,1.0,2026-07-17
22,ONDS,184921.5,9.83,1.0,2026-07-17
23,MARA,181678.5,11.065,1.0,2026-07-17
24,COIN,170288.5,181.07999999999998,1.0,2026-07-17
25,NOK,167495.0,10.3,1.0,2026-07-17
26,SNDK,164003.0,965.7850000000001,0.9206349206349206,2026-07-17
27,ASTS,149362.5,87.205,1.0,2026-07-17
28,GME,146314.5,23.08,1.0,2026-07-17
29,WULF,143526.0,19.39,1.0,2026-07-17
30,TSM,139744.5,375.95500000000004,1.0,2026-07-17
31,BABA,136289.5,132.07,1.0,2026-07-17
32,BMNR,134573.5,20.325000000000003,1.0,2026-07-17
33,BAC,129540.5,52.545,1.0,2026-07-17
34,MRVL,129073.5,134.215,1.0,2026-07-17
35,NBIS,127146.5,144.965,1.0,2026-07-17
36,HIMS,120876.0,26.015,1.0,2026-07-17
37,RKLB,118370.5,80.58500000000001,1.0,2026-07-17
38,RIVN,109235.5,15.535,1.0,2026-07-17
39,NOW,108459.5,104.19,1.0,2026-07-17
40,AAL,106674.5,13.35,1.0,2026-07-17
41,PFE,101986.5,26.465,1.0,2026-07-17
42,WMT,98004.0,123.65,1.0,2026-07-17
43,F,93585.0,13.58,1.0,2026-07-17
44,CRCL,91507.5,90.195,1.0,2026-07-17
45,CIFR,91238.0,17.905,1.0,2026-07-17
46,NIO,87644.0,5.285,1.0,2026-07-17
47,NKE,86227.0,45.56,1.0,2026-07-17
48,APLD,84369.0,34.065,1.0,2026-07-17
49,CORZ,82951.0,19.525,1.0,2026-07-17
50,PYPL,80693.5,45.215,1.0,2026-07-17
51,XOM,79884.0,149.44,1.0,2026-07-17
52,SNAP,78897.0,5.255,1.0,2026-07-17
53,UNH,74643.5,346.88,1.0,2026-07-17
54,UBER,71066.0,73.91499999999999,1.0,2026-07-17
55,BE,70179.0,208.96,1.0,2026-07-17
56,CRM,69723.5,184.64499999999998,1.0,2026-07-17
57,RIOT,69312.0,17.485,1.0,2026-07-17
58,BA,67766.5,224.115,1.0,2026-07-17
59,NVO,66449.0,44.015,1.0,2026-07-17
60,IONQ,65899.5,43.735,1.0,2026-07-17
61,EOSE,65467.5,6.779999999999999,1.0,2026-07-17
62,RGTI,63925.5,17.695,1.0,2026-07-17
63,QCOM,60303.5,152.87,1.0,2026-07-17
64,ARM,59473.5,161.775,1.0,2026-07-17
65,JPM,58297.0,307.39,1.0,2026-07-17
66,OKLO,58227.5,63.02,1.0,2026-07-17
67,OXY,57985.0,54.915000000000006,1.0,2026-07-17
68,WBD,56997.5,27.25,1.0,2026-07-17
69,CLSK,56722.5,12.379999999999999,1.0,2026-07-17
70,FCX,56522.0,61.97,1.0,2026-07-17
71,CVNA,56443.5,314.56,1.0,2026-07-17
72,C,56137.5,124.535,1.0,2026-07-17
73,VZ,55172.5,47.155,1.0,2026-07-17
74,SMR,54891.0,11.98,1.0,2026-07-17
75,SOUN,54665.5,7.84,1.0,2026-07-17
76,CCL,54462.0,27.58,1.0,2026-07-17
77,T,51920.0,25.615000000000002,1.0,2026-07-17
78,BULL,50643.0,6.605,1.0,2026-07-17
79,QBTS,48809.0,20.564999999999998,1.0,2026-07-17
80,PATH,47657.0,11.055,1.0,2026-07-17
81,DELL,46617.0,191.44,1.0,2026-07-17
82,WFC,46534.0,82.055,1.0,2026-07-17
83,CSCO,46494.5,86.27000000000001,1.0,2026-07-17
84,PBR,46423.5,18.085,1.0,2026-07-17
85,ADBE,46228.5,247.39,1.0,2026-07-17
86,TTD,45597.5,22.725,1.0,2026-07-17
87,POET,45541.5,7.44,1.0,2026-07-17
88,GLW,45342.5,163.17000000000002,1.0,2026-07-17
89,AG,45194.0,20.73,1.0,2026-07-17
90,PDD,45013.0,99.845,1.0,2026-07-17
91,CVX,44704.5,185.275,1.0,2026-07-17
92,NU,44487.5,14.26,1.0,2026-07-17
93,AAOI,44244.0,121.58,1.0,2026-07-17
94,MRNA,43982.5,50.47,1.0,2026-07-17
95,RKT,42975.0,14.875,1.0,2026-07-17
96,USAR,42291.0,20.630000000000003,1.0,2026-07-17
97,NVTS,41344.5,11.524999999999999,1.0,2026-07-17
98,LRCX,40935.0,258.46500000000003,1.0,2026-07-17
99,KO,40788.0,78.545,1.0,2026-07-17
100,IBM,40711.0,253.4,1.0,2026-07-17
101,CRWD,40179.5,441.65999999999997,1.0,2026-07-17
102,PANW,38930.0,181.14,1.0,2026-07-17
103,WDC,38688.0,365.61,1.0,2026-07-17
104,SNOW,38366.0,175.29,1.0,2026-07-17
105,CLF,38201.0,10.6,1.0,2026-07-17
106,ACHR,37701.0,6.06,1.0,2026-07-17
107,APP,37416.0,469.54999999999995,1.0,2026-07-17
108,LLY,37135.5,1021.7149999999999,1.0,2026-07-17
109,COST,36916.0,986.3499999999999,1.0,2026-07-17
110,SHOP,35656.0,119.00999999999999,1.0,2026-07-17
111,RDDT,35555.0,156.565,1.0,2026-07-17
112,JD,35384.5,28.634999999999998,1.0,2026-07-17
113,GS,34756.0,934.2850000000001,1.0,2026-07-17
114,CMG,33994.5,33.94,1.0,2026-07-17
115,HL,32600.5,18.625,1.0,2026-07-17
116,RDW,32492.5,10.11,1.0,2026-07-17
117,DIS,32392.0,102.43,1.0,2026-07-17
118,AMAT,31789.0,392.94,1.0,2026-07-17
119,DAL,31644.0,70.235,1.0,2026-07-17
120,DKNG,31564.5,25.130000000000003,1.0,2026-07-17
121,VRT,31141.0,294.62,1.0,2026-07-17
122,BRK_B,30250.0,485.29499999999996,1.0,2026-07-17
123,ET,30193.5,19.045,1.0,2026-07-17
124,VG,29806.0,12.215,1.0,2026-07-17
125,U,29764.5,26.59,1.0,2026-07-17
126,LUNR,29655.5,20.58,1.0,2026-07-17
127,LITE,29548.0,796.265,1.0,2026-07-17
128,QS,29221.5,7.195,1.0,2026-07-17
129,RBLX,29085.5,56.605000000000004,1.0,2026-07-17
130,OWL,28792.5,9.76,1.0,2026-07-17
131,V,28627.5,322.455,1.0,2026-07-17
132,FRMI,28400.5,7.275,1.0,2026-07-17
133,LCID,27964.5,7.955,1.0,2026-07-17
134,DVN,27391.0,44.66,1.0,2026-07-17
135,MP,26718.0,59.239999999999995,1.0,2026-07-17
136,NCLH,26480.0,19.845,1.0,2026-07-17
137,QUBT,26467.5,9.195,1.0,2026-07-17
138,VALE,25722.5,16.055,1.0,2026-07-17
139,CAT,25541.5,792.99,1.0,2026-07-17
140,UUUU,25239.0,19.43,1.0,2026-07-17
141,IBRX,24855.5,7.59,1.0,2026-07-17
142,RIG,24814.0,6.17,1.0,2026-07-17
143,BTDR,24810.0,12.585,1.0,2026-07-17
144,UAL,24591.0,104.475,1.0,2026-07-17
145,JOBY,24293.5,9.695,1.0,2026-07-17
146,RCAT,23918.0,12.465,1.0,2026-07-17
147,LYFT,23833.0,14.05,1.0,2026-07-17
148,CDE,23807.0,19.1,1.0,2026-07-17
149,TGT,23767.5,122.05,1.0,2026-07-17
150,ALAB,23558.5,182.43,1.0,2026-07-17
151,XYZ,23323.5,67.675,1.0,2026-07-17
152,DOW,23191.0,33.985,1.0,2026-07-17
153,ENPH,22806.5,43.24,1.0,2026-07-17
154,AGNC,22752.0,10.754999999999999,1.0,2026-07-17
155,LULU,22546.0,154.695,1.0,2026-07-17
156,CMCSA,22308.5,28.005000000000003,1.0,2026-07-17
157,BSX,22284.5,62.315,1.0,2026-07-17
158,ANET,22262.5,144.39499999999998,1.0,2026-07-17
159,VST,22244.0,158.52,1.0,2026-07-17
160,ASML,22024.5,1458.315,1.0,2026-07-17
161,CRDO,21862.0,159.22500000000002,1.0,2026-07-17
162,B,21723.0,42.150000000000006,1.0,2026-07-17
163,ZETA,21716.5,18.119999999999997,1.0,2026-07-17
164,JBLU,21654.0,5.095000000000001,1.0,2026-07-17
165,SBET,21244.0,6.76,1.0,2026-07-17
166,OSCR,21193.0,16.3,1.0,2026-07-17
167,CELH,21131.5,34.17,1.0,2026-07-17
168,SLS,21065.5,5.035,1.0,2026-07-17
169,NEM,20848.5,111.35,1.0,2026-07-17
170,AXTI,20829.0,61.59,1.0,2026-07-17
171,SLB,20627.5,51.255,1.0,2026-07-17
172,SBUX,20436.0,98.41499999999999,1.0,2026-07-17
173,SCHW,20303.5,93.485,1.0,2026-07-17
174,XPEV,20288.0,16.95,1.0,2026-07-17
175,UPS,20236.5,106.8,1.0,2026-07-17
176,HPE,20179.5,25.835,1.0,2026-07-17
177,PG,20166.0,147.46,1.0,2026-07-17
178,TEM,20089.5,52.26,1.0,2026-07-17
179,MRK,20058.5,117.775,1.0,2026-07-17
180,AI,19777.5,9.29,1.0,2026-07-17
181,JNJ,19676.0,237.695,1.0,2026-07-17
182,GEV,19508.5,938.365,1.0,2026-07-17
183,PINS,19501.0,19.97,1.0,2026-07-17
184,HD,19372.0,338.92,1.0,2026-07-17
185,CCJ,19313.0,113.285,1.0,2026-07-17
186,BMY,19201.0,58.0,1.0,2026-07-17
187,HPQ,18920.5,19.814999999999998,1.0,2026-07-17
188,UPST,18787.5,31.03,1.0,2026-07-17
189,PSKY,18676.5,10.504999999999999,1.0,2026-07-17
190,DDOG,18664.0,130.035,1.0,2026-07-17
191,AFRM,18619.0,64.345,1.0,2026-07-17
192,GLXY,18566.0,25.27,1.0,2026-07-17
193,ZS,18320.0,147.22500000000002,1.0,2026-07-17
194,DJT,18040.5,9.23,1.0,2026-07-17
195,BIDU,18015.5,124.735,1.0,2026-07-17
196,GE,17928.5,313.83000000000004,1.0,2026-07-17
197,PEP,17855.5,152.89,1.0,2026-07-17
198,COHR,17660.5,306.15999999999997,1.0,2026-07-17
199,PTON,17529.0,5.26,1.0,2026-07-17
200,CPNG,17271.0,18.65,1.0,2026-07-17
